Workbook

Sheet Feedback data sheet
A1: ID | B1: Start Time | C1: Name | D1: If your feedback requires further action from us, such as an incomplete piece of work, please provide your email address below so that we can get back to you. | E1: Where was the work located? | F1: What type of work are you providing feedback on? | G1: Please provide us with more information on what you requested our help with. This is especially helpful if you do not have a reference number, or if you selected "other" for question 4. | H1: When did you make the request | I1: Were you satisfied with the time it took to complete the work? | J1: In your opinion, please rate out of 5 how committed our team were to delivering outstanding customer service? | K1: Please provide us with any other feedback in your own words here. | L1: How likely are you to recommend this service to others at King's?
A2: 1 | B2: 44930.362 | C2: Dorothy Gale | E2: Strand Campus - all buildings, including Virginia Woolf & Maughan Library | F2: Cleaning | G2: Carpet cleaning post furniture removal. | H2: 44914 | I2: Yes | J2: 5 | K2: The team did a great job in a very timely manner. Many thanks! | L2: 10
A3: 2 | B3: 44932.441 | C3: Bella Papa | E3: Waterloo Campus - James Clerk Maxwell & Waterloo Bridge Wing | F3: Soft Services (e.g. moving furniture, room set up, WEEE collection, pest control, internal deliveries between campuses etc.) | G3: I asked for computer monitors to be moved to Bush House | H3: 44931 | I3: Yes | J3: 5 | K3: Excellent Service! The monitors arrived on 1/6/2023 | L3: 10
A4: 3 | B4: 44939.532 | C4: Dez Yorna | E4: Denmark Hill Campus | F4: Soft Services (e.g. moving furniture, room set up, WEEE collection, pest control, internal deliveries between campuses etc.) | G4: Removal of old equipment | H4: 44938 | I4: Yes | J4: 5 | K4: Quick and efficient removal of equipment. Couldn't be bettered | L4: 10
A5: 4 | B5: 44945.486 | C5: Aydin Anderson | E5: Strand Campus - all buildings, including Virginia Woolf & Maughan Library | F5: Hard services (e.g. lighting, plumbing, decorating, heating/cooling, fabrics etc.) | G5: Repair of a lavatory seat in disabled loo -1.16 | H5: 44943 | I5: Yes | J5: 5 | K5: I was pleasantly surprised to find that the loo seat had been replaced the day after I put in the ticket. Reamarkably quick work. | L5: 10
A6: 5 | B6: 44946.629 | C6: Ike West | E6: Guy's Campus - all buildings except New Hunts House | F6: Soft Services (e.g. moving furniture, room set up, WEEE collection, pest control, internal deliveries between campuses etc.) | G6: Collection of cage of poster boards. | H6: 44945 | I6: Yes | J6: 5 | L6: 10
A7: 6 | B7: 44949.649 | C7: Mulan Hua | E7: Guy's Campus - all buildings except New Hunts House | F7: Hard services (e.g. lighting, plumbing, decorating, heating/cooling, fabrics etc.) | G7: Broken Toilet | H7: 44942 | I7: No | J7: 2 | K7: No response or feedback received til 3 days after submitting the request | L7: 2
A8: 7 | B8: 44950.889 | C8: David Sergant | E8: Strand Campus - all buildings, including Virginia Woolf & Maughan Library | F8: Hard services (e.g. lighting, plumbing, decorating, heating/cooling, fabrics etc.) | G8: Ventilation in Study Café rooms for the Geography Department. | H8: 45266 | I8: No | J8: 2 | K8: It shouldn't take almost two months to check the ventilation of 3 rooms. | L8: 5
A9: 8 | B9: 44951.613 | C9: Fred Waltz | E9: Guy's Campus - all buildings except New Hunts House | F9: Hard services (e.g. lighting, plumbing, decorating, heating/cooling, fabrics etc.) | G9: I requested that the heating in a lecture theatre be turned up as the room was too cold | H9: 44946 | I9: No | J9: 5 | K9: I did not feel a difference in temperature while I was in there, perhaps the room needed longer to warm up | L9: 10
A10: 9 | B10: 44952.62 | C10: Jenny Birmingham | D10: Yes | E10: Strand Campus - all buildings, including Virginia Woolf & Maughan Library | F10: Hard services (e.g. lighting, plumbing, decorating, heating/cooling, fabrics etc.) | G10: I often cycle to Bush House and then shower. I shower at the gym once a week as well, and I find the water temperature just a bit too cold. I know it’s important to save energy, so I feel bad for asking, but could you turn the water heat up by just a degree or two? I don’t want to be shivering in the shower anymore! | H10: 44950 | I10: Yes | J10: 3 | L10: 7
A11: 10 | B11: 44956.39 | C11: Selma Grant | D11: n/a | E11: Strand Campus - all buildings, including Virginia Woolf & Maughan Library | F11: Hard services (e.g. lighting, plumbing, decorating, heating/cooling, fabrics etc.) | G11: addressing foul smell in women's toilets -- plumbing or cleaning problem which had last more than a month. | H11: 44950 | I11: Yes | J11: 5 | K11: Very prompt response; successful resolution to a long-standing problem affecting all women on S8 | L11: 10
A12: 11 | B12: 44958.593 | C12: Zane Chu | D12: No | E12: Strand Campus - all buildings, including Virginia Woolf & Maughan Library | F12: Hard services (e.g. lighting, plumbing, decorating, heating/cooling, fabrics etc.) | G12: Power cut off in the cafe | H12: 44958 | I12: Yes | J12: 5 | K12: Power cut of in our one of cafe. Team arrived very quickly and solved the problem | L12: 10
A13: 12 | B13: 44959.42 | C13: Warren Tracey | D13: N/A | E13: Guy's Campus - all buildings except New Hunts House | F13: Soft Services (e.g. moving furniture, room set up, WEEE collection, pest control, internal deliveries between campuses etc.) | G13: Empty Confidential Waste Bin | H13: 44957 | I13: Yes | J13: 5 | K13: Excellent Service as ever by Facilities team, Thank you | L13: 10
A14: 13 | B14: 44959.586 | C14: Ron Tempernillo | E14: Strand Campus - all buildings, including Virginia Woolf & Maughan Library | F14: Hard services (e.g. lighting, plumbing, decorating, heating/cooling, fabrics etc.) | G14: The radiator wasn't heating up efficiently, meaning that my office only ever came to 15 degrees centigrade and no higher. I was doing meetings in my coat and hat! It seems to be sorted now, so thanks a million - lifesavers! | H14: 44935 | I14: Yes | J14: 5 | K14: I didn't receive any ongoing updates as to the progression of the case, which might have been useful. Moreover, it seems to have been fixed, because one day I entered the office and found it fully functional, but I had to discover this for myself. A little bit more constant communication would have been beneficial, but overall I'm highly satisfied. Thank you. | L14: 8
A15: 14 | B15: 44960.472 | C15: Peter Parker | E15: Guy's Campus - all buildings except New Hunts House | F15: Soft Services (e.g. moving furniture, room set up, WEEE collection, pest control, internal deliveries between campuses etc.) | G15: Electrical waste collection | H15: 44956 | I15: Yes | J15: 4 | L15: 7
A16: 15 | B16: 44964.658 | C16: Ryan Burke | E16: Strand Campus - all buildings, including Virginia Woolf & Maughan Library | F16: Hard services (e.g. lighting, plumbing, decorating, heating/cooling, fabrics etc.) | G16: Lights not working | H16: 44964 | I16: Yes | J16: 5 | K16: The team was fantastic. I was really impressed with how quickly they came back to request more details, and then came to fix the problem. | L16: 10
A17: 16 | B17: 44964.68 | C17: Anthony Alan | D17: Yes | E17: Guy's Campus - all buildings except New Hunts House | F17: Hard services (e.g. lighting, plumbing, decorating, heating/cooling, fabrics etc.) | G17: Please confirm the engineering comments / what was actually done and when in relation to my request. My request was in relation to a H&S issue thus I require a record of suitable timely response. | H17: 44889 | I17: Yes | J17: 3 | K17: Comments of how the job was complete should be standard in the closing ticket email. | L17: 7
A18: 17 | B18: 44965.59 | C18: David Sergant | E18: Waterloo Campus - James Clerk Maxwell & Waterloo Bridge Wing | F18: Soft Services (e.g. moving furniture, room set up, WEEE collection, pest control, internal deliveries between campuses etc.) | G18: New window blind fitted | H18: 44901 | I18: No | J18: 3 | K18: I had to chase up 3 times. | L18: 7
A19: 18 | B19: 44966.523 | C19: Elaine Hertz | D19: Yes | E19: Strand Campus - all buildings, including Virginia Woolf & Maughan Library | F19: Hard services (e.g. lighting, plumbing, decorating, heating/cooling, fabrics etc.) | G19: Two lights not working; one is on a very high ceiling that requires scaffolding | H19: 44887 | I19: No | J19: 3 | K19: Lower light was fixed; someone came to assess for scaffolding and said it would be done before Christmas in the quieter period, but the work hasn't been done and the ticket is closed. | L19: 6
A20: 19 | B20: 44971.619 | C20: Anthony Alan | E20: Denmark Hill Campus | F20: Hard services (e.g. lighting, plumbing, decorating, heating/cooling, fabrics etc.) | G20: Plumbing | H20: 44964 | I20: Yes | J20: 5 | L20: 10
A21: 20 | B21: 44973.513 | C21: Ha-Hei Long | E21: Denmark Hill Campus | F21: Hard services (e.g. lighting, plumbing, decorating, heating/cooling, fabrics etc.) | G21: fixing up new hooks for lab coats in main lab | H21: 44971 | I21: Yes | J21: 4 | K21: gereat stuff - all done really quickly thanks | L21: 8
A22: 21 | B22: 44974.544 | C22: Oliver Marks | E22: Strand Campus - all buildings, including Virginia Woolf & Maughan Library | F22: Soft Services (e.g. moving furniture, room set up, WEEE collection, pest control, internal deliveries between campuses etc.) | G22: Desk moves. | H22: 44971 | I22: Yes | J22: 5 | K22: Work completed quickly and efficiently - many thanks! | L22: 10
A23: 22 | B23: 44978.529 | C23: Laila Stone | E23: Guy's Campus - all buildings except New Hunts House | F23: Soft Services (e.g. moving furniture, room set up, WEEE collection, pest control, internal deliveries between campuses etc.) | G23: WEEE removal | H23: 44964 | I23: Yes | J23: 5 | L23: 10
A24: 23 | B24: 44978.638 | C24: Anthony Alan | E24: Strand Campus - all buildings, including Virginia Woolf & Maughan Library | F24: Hard services (e.g. lighting, plumbing, decorating, heating/cooling, fabrics etc.) | G24: Leaky water fountain | H24: 44960 | I24: Yes | J24: 5 | K24: Would be great to get more information about the way the problem was solved, what dificulties were faced and how it has influenced long term policy. I've noticed that there may be other water fountains with the same issue, have they been reviewed? how did you fix it? Was it a one off or can we expect hits problem to continue happening? etc | L24: 10
A25: 24 | B25: 44985.403 | C25: Eli Bruce | D25: Yes | E25: Strand Campus - all buildings, including Virginia Woolf & Maughan Library | F25: Hard services (e.g. lighting, plumbing, decorating, heating/cooling, fabrics etc.) | G25: Handrail on steps is wobbly | H25: 44963 | I25: No | J25: 1 | K25: The ticket has been marked as 'completed' but the handrail is still wobbly. | L25: 3
A26: 25 | B26: 44986.489 | C26: Chanel Hubbard | E26: Waterloo Campus - James Clerk Maxwell & Waterloo Bridge Wing | F26: Cleaning | G26: The request was for removal of bulk general waste as I am clearing my office. | H26: 44985 | I26: Yes | J26: 5 | K26: The service was so efficient and smooth. THank you. | L26: 10
A27: 26 | B27: 44987.601 | C27: Laila Stone | D27: Yes | E27: Guy's Campus - all buildings except New Hunts House | F27: Hard services (e.g. lighting, plumbing, decorating, heating/cooling, fabrics etc.) | G27: The fire exit sign above the door to this workspace had been knocked off by the door that opens into it. We could not reattach it to the ceiling. | H27: 44985 | I27: Yes | J27: 5 | K27: Very good. The sign is now reattached. | L27: 8
A28: 27 | B28: 44992.711 | C28: Kat Wallace | E28: Strand Campus - all buildings, including Virginia Woolf & Maughan Library | F28: Hard services (e.g. lighting, plumbing, decorating, heating/cooling, fabrics etc.) | G28: Lights not working in the Anatomy Museum K6.36 | H28: 44987 | I28: Yes | J28: 5 | K28: The team went above and beyond to make sure that the lights were working properly very soon after I reported it. This meant that our performances could go ahead and the audience were very happy. Thanks very much to Robson and the whole team. | L28: 10
A29: 28 | B29: 44993.432 | C29: Kim Li | E29: Strand Campus - all buildings, including Virginia Woolf & Maughan Library | F29: Soft Services (e.g. moving furniture, room set up, WEEE collection, pest control, internal deliveries between campuses etc.) | G29: Furniture removal and temporary storage ahead of refurbishment works | H29: 44991 | I29: Yes | J29: 5 | K29: Edwar and the team went above and beyond on this job, many thanks! | L29: 10
A30: 29 | B30: 44999.542 | C30: Anthony Alan | E30: Guy's Campus - all buildings except New Hunts House | F30: Hard services (e.g. lighting, plumbing, decorating, heating/cooling, fabrics etc.) | G30: Fix leak from ceiling | H30: 44994 | I30: Yes | J30: 4 | K30: It would be good when engineers came to look into the problem to contact us so someone is on site and in person to ask questions and understand the issue during it is being looked at and fixed so potentially we can also fix the issue oursleves and understand what caused the problem better for next time. | L30: 9
A31: 30 | B31: 45001.437 | C31: Ed Salter | E31: Denmark Hill Campus | F31: Cleaning | G31: Carpet deep cleaning | H31: 45000 | I31: Yes | J31: 5 | K31: Job well done and on time | L31: 9
A32: 32 | B32: 45001.581 | C32: Tracey Darren | E32: Guy's Campus - all buildings except New Hunts House | F32: Hard services (e.g. lighting, plumbing, decorating, heating/cooling, fabrics etc.) | G32: Fixing house lights in the Science Gallery Theatre | H32: 44980 | I32: Yes | J32: 5 | K32: Brilliant fix from the electrical guys - thank you | L32: 10
A33: 33 | B33: 45005.465 | C33: Sean Stewart | E33: Strand Campus - all buildings, including Virginia Woolf & Maughan Library | F33: Cleaning | G33: A disabled toilet was blocked and overflowed. | H33: 45001 | I33: Yes | J33: 4 | K33: I saw a member of staff going to clear the bathroom within a short amount of time. | L33: 9
A34: 34 | B34: 45012.824 | C34: Sheila Oz | E34: Denmark Hill Campus | F34: Hard services (e.g. lighting, plumbing, decorating, heating/cooling, fabrics etc.) | G34: Put up item (noticeboard/whiteboard/hooks etc) | H34: 44855 | I34: Yes | J34: 5 | K34: Delay was not due to Estates but after the first visit, we realised the work was more involved and we have to purchase a new picture frames before Estates ciould complete the job. Overall, we are very satisfied.t | L34: 10
A35: 35 | B35: 45013.711 | C35: Erin Watts | E35: Waterloo Campus - James Clerk Maxwell & Waterloo Bridge Wing | F35: Cleaning | G35: At present I am clearing my office. Estates and facilities are helping enormously with the disposal of certain items, including confidential waste. | H35: 45008 | I35: Yes | J35: 5 | K35: It is so helpful to have this professional, efficient support from Estates and Facilities. Thank you. | L35: 10
A36: 36 | B36: 45014.76 | C36: Sheila Oz | E36: Guy's Campus - all buildings except New Hunts House | F36: Cleaning | G36: Empty sanitary dispenser | H36: 45013 | I36: Yes | J36: 4 | K36: Very quick response via email. Received an update once the request had been completed | L36: 8
A37: 37 | B37: 45015.343 | C37: Lorna Chills | E37: Guy's Campus - all buildings except New Hunts House | F37: Security | G37: I noticed a door closer was broken and hanging loose and so when the door was opened, it would swing shut onto the broken bit preventing it from closing securely and locking, so this was a security risk as it meant the door could not guarantee to close completely and was just beeping. | H37: 45012 | I37: Yes | J37: 4 | K37: I dislike the way that my ticket is resolved with absolutely no information about what was done to resolve it. I should see some resolution description about what was done eg 'door lock was replaced/broken glass was replaced, door was locked while we wait for access to be protected etc etc'. I am glad my query was dealt with quickly but I want to see what was actually done in my ticket resolution please. | L37: 5
A38: 38 | B38: 45015.406 | C38: Ben Wills | E38: Strand Campus - all buildings, including Virginia Woolf & Maughan Library | F38: Hard services (e.g. lighting, plumbing, decorating, heating/cooling, fabrics etc.) | G38: Making an additional key | H38: 44986 | I38: No | J38: 3 | K38: I am grateful to receive the key, and communications from Estates have been helpful, but I was surprised that it took 20 working days to produce a key (as were King's security!). Qu. 10 below seems to me to be irrelevant as I understood that the key had to be manufactured by King's Estates. | L38: 5
A39: 39 | B39: 45021.617 | C39: Chang Moon | E39: Denmark Hill Campus | F39: Hard services (e.g. lighting, plumbing, decorating, heating/cooling, fabrics etc.) | G39: put up new key holders 3rd floor | H39: 45019 | I39: Yes | J39: 4 | K39: great response time thank you | L39: 9
... A41: 41 | B41: 45027.53 | C41: Val Wright | E41: Denmark Hill Campus | F41: Hard services (e.g. lighting, plumbing, decorating, heating/cooling, fabrics etc.) | G41: Lift Remedial | H41: 45020 | I41: Yes | J41: 5 | K41: Excellent | L41: 10
A42: 42 | B42: 45028.595 | C42: Bic Runga | D42: Yes | E42: Guy's Campus - all buildings except New Hunts House | F42: Hard services (e.g. lighting, plumbing, decorating, heating/cooling, fabrics etc.) | G42: Repair of door closure mechanism - main doors to floor so a security issue | H42: 45028 | I42: Yes | J42: 5 | K42: Isaac arrived in double quick time and repaired the door quickly, explaining what was wrong. He's a really nice bloke too! | L42: 10
A43: 43 | B43: 45040.417 | C43: Johan Kim | D43: Yes | E43: Guy's Campus - all buildings except New Hunts House | F43: Hard services (e.g. lighting, plumbing, decorating, heating/cooling, fabrics etc.) | G43: batteries need replacing in fire exit signs as they are beeping due to low battery | H43: 44837 | I43: No | J43: 1 | K43: At least one of the signs is still beeping so the work wasn't completed. However 6 months after being raised, the request was closed. | L43: 1
A44: 44 | B44: 45043.707 | C44: Andy Chan | E44: A King's Residence | F44: Residences - Applications | G44: Request for residence application | H44: 45042 | I44: Yes | J44: 5 | K44: Helpful and swift response from Liam | L44: 10
A45: 45 | B45: 45049.65 | C45: Will Samson | E45: A King's Residence | F45: Residences - Applications | G45: requested help with online portal issue | H45: 45049 | I45: Yes | J45: 5 | K45: Jas/Jaz was really helpful on the residences phone number. Thank you! | L45: 10
A46: 46 | B46: 45055.67 | C46: Barbara Benneditto | E46: Guy's Campus - all buildings except New Hunts House | F46: Soft Services (e.g. moving furniture, room set up, WEEE collection, pest control, internal deliveries between campuses etc.) | G46: Moving IT equipment from FWB to Lavington Street, as IT cannot deliver to Lavington Street | H46: 45050 | I46: Yes | J46: 5 | K46: The team were extremely responsive and helpful. Very impressed and much appreciated! | L46: 10
A47: 47 | B47: 45058.456 | C47: Claire King | E47: Denmark Hill Campus | F47: Hard services (e.g. lighting, plumbing, decorating, heating/cooling, fabrics etc.) | G47: a faulty lock on disabled toilet door | H47: 45055 | I47: Yes | J47: 5 | K47: Quick Response | L47: 10
A48: 48 | B48: 45062.372 | C48: Claire King | E48: Strand Campus - all buildings, including Virginia Woolf & Maughan Library | F48: Hard services (e.g. lighting, plumbing, decorating, heating/cooling, fabrics etc.) | G48: overflowing urinals | H48: 45061 | I48: Yes | J48: 5 | K48: An efficient system and service | L48: 10
A49: 49 | B49: 45064.603 | C49: Zoe Liu | E49: Denmark Hill Campus | F49: Soft Services (e.g. moving furniture, room set up, WEEE collection, pest control, internal deliveries between campuses etc.) | G49: removl/ disposal of old incubator - by Dan and team. | H49: 45064 | I49: Yes | J49: 5 | K49: thank you for being so quick! | L49: 10
A50: 50 | B50: 45068.346 | C50: Laila Stone | E50: Denmark Hill Campus | F50: Soft Services (e.g. moving furniture, room set up, WEEE collection, pest control, internal deliveries between campuses etc.) | G50: moving tables etc 2nd floor JBC | H50: 45064 | I50: Yes | J50: 5 | K50: great team - thanks | L50: 10
A51: 51 | B51: 45070.334 | C51: Sarah Merry | E51: Guy's Campus - all buildings except New Hunts House | F51: Hard services (e.g. lighting, plumbing, decorating, heating/cooling, fabrics etc.) | G51: Squeaky doors in Counselling corridor in Henriette Raphael | H51: 45064 | I51: Yes | J51: 5 | K51: Dealt with at the time I had requested before colleagues were seeing students. Very efficient and courteous. | L51: 10
A52: 52 | B52: 45070.892 | C52: Dipak Patel | E52: Strand Campus - all buildings, including Virginia Woolf & Maughan Library | F52: Hard services (e.g. lighting, plumbing, decorating, heating/cooling, fabrics etc.) | G52: air conditioning | H52: 45044 | I52: No | J52: 1 | K52: the issue was fully ignored. | L52: 1
A53: 53 | B53: 45076.403 | C53: Samantha Rake | E53: Denmark Hill Campus | F53: Hard services (e.g. lighting, plumbing, decorating, heating/cooling, fabrics etc.) | G53: Fire door closing mechanism | H53: 45071 | I53: Yes | J53: 5 | K53: Job well done and on time | L53: 10
A54: 54 | B54: 45077.441 | C54: Sheila Oz | E54: Guy's Campus - all buildings except New Hunts House | F54: Hard services (e.g. lighting, plumbing, decorating, heating/cooling, fabrics etc.) | G54: A card access was not working properly | H54: 45072 | I54: Yes | J54: 5 | K54: great work, quick and efficient | L54: 10
A55: 55 | B55: 45084.561 | C55: Caz West | D55: Although the job was reported as completed, the lid of cistern was removed and flush was not fixed | E55: Waterloo Campus - James Clerk Maxwell & Waterloo Bridge Wing | F55: Hard services (e.g. lighting, plumbing, decorating, heating/cooling, fabrics etc.) | G55: The cistern lid was removed and eventually my colleaugue fixed it themselves and put the lid back, so the flush is now working, but had to be fixed by a member of staff. WE are unhappy that the job is reported as completed, with no further information & a member of staff fixed it themselves. | H55: 45063 | I55: No | J55: 1 | K55: Please use another word like pending, if not complete- it is misleading & incorrect. | L55: 1
A56: 56 | B56: 45084.644 | C56: Dan Ivanovich | E56: Strand Campus - all buildings, including Virginia Woolf & Maughan Library | F56: Hard services (e.g. lighting, plumbing, decorating, heating/cooling, fabrics etc.) | G56: All lights not working in room | H56: 44596 | I56: No | J56: 1 | K56: It took them nearly half a year to fix the lights, and one and half years to send me the notice that the ticket is closed. Amazing! | L56: 1
A57: 57 | B57: 45091.544 | C57: Ray Wilson | E57: Denmark Hill Campus | F57: Soft Services (e.g. moving furniture, room set up, WEEE collection, pest control, internal deliveries between campuses etc.) | G57: Providing poster boards and setting up the room | H57: 44915 | I57: Yes | J57: 5 | K57: The poster boards have been provided in good time and in accordance with the request, the room has been set up very well. Thank you so much! | L57: 10
A58: 58 | B58: 45096.424 | C58: Jimmy Chin | E58: Guy's Campus - all buildings except New Hunts House | F58: Soft Services (e.g. moving furniture, room set up, WEEE collection, pest control, internal deliveries between campuses etc.) | G58: WEEE collection | H58: 45057 | I58: Yes | J58: 5 | K58: Good work | L58: 10
A59: 59 | B59: 45100.621 | C59: Erin Watts | E59: Guy's Campus - all buildings except New Hunts House | F59: Hard services (e.g. lighting, plumbing, decorating, heating/cooling, fabrics etc.) | G59: Replacing a ceiling light | H59: 45097 | I59: Yes | J59: 5 | K59: Thanks for the swift service | L59: 10
A60: 60 | B60: 45105.556 | C60: Macey Green | E60: Strand Campus - all buildings, including Virginia Woolf & Maughan Library | F60: Hard services (e.g. lighting, plumbing, decorating, heating/cooling, fabrics etc.) | G60: Lost ring down sink | H60: 45105 | I60: Yes | J60: 5 | K60: I lost a sentimental ring down the sink - couldn't believe it was retrieved so quickly. So thankful! | L60: 10
A61: 61 | B61: 45111.383 | C61: Bruce Wayne | E61: Denmark Hill Campus | F61: Soft Services (e.g. moving furniture, room set up, WEEE collection, pest control, internal deliveries between campuses etc.) | G61: I asked for x5 WEEE items to be collected (x3 hard drives, small scanner and printer cartridge) | H61: 45107 | I61: Yes | J61: 5 | K61: Nick (from IoPPN) collected all the items very promptly and efficiently this morning which is really great. Thanks very much. | L61: 10
A62: 62 | B62: 45114.63 | C62: Claire Bale | E62: Denmark Hill Campus | F62: Soft Services (e.g. moving furniture, room set up, WEEE collection, pest control, internal deliveries between campuses etc.) | G62: Moving an incubator between labs | H62: 45107 | I62: Yes | J62: 5 | K62: Staff at JBC are very competent and helpful. | L62: 10
A63: 63 | B63: 45117.604 | C63: Bernie McGill | E63: Guy's Campus - New Hunts House | F63: Hard services (e.g. lighting, plumbing, decorating, heating/cooling, fabrics etc.) | G63: Paint Lamppost | H63: 45106 | I63: Yes | J63: 5 | K63: Great job | L63: 10
A64: 64 | B64: 45127.455 | C64: Steve Peppers | E64: Waterloo Campus - James Clerk Maxwell & Waterloo Bridge Wing | F64: Hard services (e.g. lighting, plumbing, decorating, heating/cooling, fabrics etc.) | G64: We had a new kitchen installed but the water cooler was not plumbed back in. | H64: 45125 | I64: Yes | J64: 4 | K64: They also forgot to do this when they installed a new kitchen on the 1st floor. | L64: 10
A65: 65 | B65: 45131.432 | C65: Erin Dreaver | E65: Guy's Campus - all buildings except New Hunts House | F65: Hard services (e.g. lighting, plumbing, decorating, heating/cooling, fabrics etc.) | G65: Light bulbs needing replacing | H65: 45128 | I65: Yes | J65: 5 | K65: Quick to reply and resolve the problem | L65: 10
A66: 66 | B66: 45131.654 | C66: Fern Maine | E66: Guy's Campus - all buildings except New Hunts House | F66: Soft Services (e.g. moving furniture, room set up, WEEE collection, pest control, internal deliveries between campuses etc.) | G66: collect confidential waste bags and provide new ones with cable ties | H66: 45131 | I66: Yes | J66: 5 | K66: very quick and efficient service from a professional member of your team | L66: 10
A67: 67 | B67: 45133.5 | C67: Fern Maine | E67: Strand Campus - all buildings, including Virginia Woolf & Maughan Library | F67: Hard services (e.g. lighting, plumbing, decorating, heating/cooling, fabrics etc.) | G67: Fluorescent tube changes | H67: 45132 | I67: Yes | J67: 5 | K67: The cogs and gears that keep KCL working, I have great respect for all Estates team members. Many thanks! | L67: 10
... A71: 71 | B71: 45154.422 | C71: Garth Eager | E71: Denmark Hill Campus | F71: Hard services (e.g. lighting, plumbing, decorating, heating/cooling, fabrics etc.) | G71: Broken door handle | H71: 45152 | I71: Yes | J71: 5 | K71: Job done on time | L71: 10
A72: 72 | B72: 45159.366 | C72: Dean Hoki | D72: Yes | E72: Denmark Hill Campus | F72: Hard services (e.g. lighting, plumbing, decorating, heating/cooling, fabrics etc.) | G72: temperature | H72: 45125 | I72: No | J72: 1 | K72: there was no response, the ticket was just closed (over a month later) with no info | L72: 1
A73: 73 | B73: 45163.945 | C73: Jim Greene | E73: Guy's Campus - all buildings except New Hunts House | F73: Soft Services (e.g. moving furniture, room set up, WEEE collection, pest control, internal deliveries between campuses etc.) | G73: Emergency help with moving office furniture by the end of the day | H73: 45163 | I73: Yes | J73: 5 | K73: Person who took my request at lunch time was really polite and manage to get Estates team to come out within 2 hours to help me swap office furniture around in two offices, and help reassemble tables. Thanks to the person who took my telephone request and the two chaps who came to help out! | L73: 10
A74: 74 | B74: 45167.619 | C74: Atlas Steel | E74: Strand Campus - all buildings, including Virginia Woolf & Maughan Library | F74: Hard services (e.g. lighting, plumbing, decorating, heating/cooling, fabrics etc.) | G74: key card to room didn't work | H74: 45167 | I74: Yes | J74: 5 | K74: Very quick response and job sorted in a matter of hours | L74: 10
A75: 75 | B75: 45168.395 | C75: Tim Xi | E75: St Thomas's Campus | F75: Hard services (e.g. lighting, plumbing, decorating, heating/cooling, fabrics etc.) | G75: Card reader stopped working. We couldn't get access to our control room | H75: 45162 | I75: Yes | J75: 5 | K75: As usual quick and great work perfomed | L75: 10
A76: 76 | B76: 45175.583 | C76: Laila Stone | D76: n/a | E76: Denmark Hill Campus | F76: Soft Services (e.g. moving furniture, room set up, WEEE collection, pest control, internal deliveries between campuses etc.) | G76: n/a | H76: 45169 | I76: Yes | J76: 5 | K76: Excellent service, Colleagues called and confirm completion the set up which was fantastic gesture. Thank you | L76: 10
A77: 77 | B77: 45180.544 | C77: Kelly Riley | D77: Yes | E77: Strand Campus - all buildings, including Virginia Woolf & Maughan Library | F77: Hard services (e.g. lighting, plumbing, decorating, heating/cooling, fabrics etc.) | G77: AC not working | H77: 45180 | I77: No | J77: 1 | K77: No | L77: 1
A78: 78 | B78: 45182.582 | C78: Taylor Meekes | D78: Yes | E78: Waterloo Campus - James Clerk Maxwell & Waterloo Bridge Wing | F78: Hard services (e.g. lighting, plumbing, decorating, heating/cooling, fabrics etc.) | G78: several light bulbs are not working in JCMB 3.21 anymore and needs replacing | H78: 45174 | I78: No | J78: 1 | K78: Someone came and had a look at a couple of lights, left, said they would be back the following day but never did. All the blown lights are the same as before. | L78: 1
A79: 79 | B79: 45183.424 | C79: Graham Smith | E79: Strand Campus - all buildings, including Virginia Woolf & Maughan Library | F79: Hard services (e.g. lighting, plumbing, decorating, heating/cooling, fabrics etc.) | G79: reset locker password | H79: 45173 | I79: No | J79: 3 | K79: Would like to have more responsive assistance, esp not marking a request as completed without no information sent (we still do not know what has been changed). | L79: 4
A80: 80 | B80: 45187.625 | C80: Abby Smith | E80: Denmark Hill Campus | F80: Soft Services (e.g. moving furniture, room set up, WEEE collection, pest control, internal deliveries between campuses etc.) | G80: We asked for 1 Poster Board to be set up in IoPPN Seminar Room 4. | H80: 45162 | I80: Yes | J80: 5 | K80: Was professionally set up for confidential Poster exam session and chairs were nicely placed in front of the board. | L80: 10
A81: 81 | B81: 45187.628 | C81: Dorothy Gale | E81: Denmark Hill Campus | F81: Soft Services (e.g. moving furniture, room set up, WEEE collection, pest control, internal deliveries between campuses etc.) | G81: We asked for 3 Poster Boards to be set up in IoPPN Seminar Room 1 and 1 Poster Board to be set up in Seminar Room 2. | H81: 45175 | I81: Yes | J81: 5 | K81: Was professionally set up. | L81: 10
A82: 82 | B82: 45189.762 | C82: Bella Papa | E82: A King's Residence | F82: Residences - In House Service | G82: no hot water in ensuite | H82: 45187 | I82: Yes | J82: 5 | K82: Very friendly and helpful | L82: 10
A83: 83 | B83: 45190.532 | C83: Dez Yorna | D83: Yes | E83: Denmark Hill Campus | F83: Soft Services (e.g. moving furniture, room set up, WEEE collection, pest control, internal deliveries between campuses etc.) | G83: n/a | H83: 45190 | I83: Yes | J83: 5 | K83: perfect | L83: 9
A84: 84 | B84: 45191.42 | C84: Aydin Anderson | D84: Yes | E84: Guy's Campus - all buildings except New Hunts House | F84: Hard services (e.g. lighting, plumbing, decorating, heating/cooling, fabrics etc.) | G84: Blocked sink | H84: 45190 | I84: Yes | J84: 5 | K84: Great turnaround time. It looked like the hot water tap pipe is dripping when used though. | L84: 10
A85: 85 | B85: 45194.347 | C85: Ike West | D85: Yes | E85: A King's Residence | F85: Residences - In House Service | G85: My desk lamp light bulb wasn't working and needed to be replaced. | H85: 45190 | I85: Yes | J85: 5 | K85: I'm happy with how quickly the light bulb was replaced. Thank you! | L85: 10
A86: 86 | B86: 45195.409 | C86: Mulan Hua | E86: Denmark Hill Campus | F86: Cleaning | G86: Removal/disposal, bulk recycling | H86: 45188 | I86: Yes | J86: 5 | K86: Considering how busy it is at this time of year, this request was dealt with promptly and efficiently. | L86: 10
A87: 87 | B87: 45197.179 | C87: David Sergant | D87: No | E87: Strand Campus - all buildings, including Virginia Woolf & Maughan Library | F87: Cleaning | G87: To put up a toilet roll dispenser | H87: 45195 | I87: Yes | J87: 4 | K87: Good service provided | L87: 8
A88: 88 | B88: 45198.479 | C88: Fred Waltz | E88: Strand Campus - all buildings, including Virginia Woolf & Maughan Library | F88: Hard services (e.g. lighting, plumbing, decorating, heating/cooling, fabrics etc.) | G88: Defective office ceiling light | H88: 45197 | I88: Yes | J88: 5 | K88: Really fast solution and clear communication | L88: 10
A89: 89 | B89: 45202.419 | C89: Jenny Birmingham | D89: I don't think anyone did anything with these fire doors. They still get stuck. I only submitted the ticket yesterday, so I can't imagien anything has actually been done. | E89: Strand Campus - all buildings, including Virginia Woolf & Maughan Library | F89: Hard services (e.g. lighting, plumbing, decorating, heating/cooling, fabrics etc.) | G89: I reported a number of fire doors that aren't closing properly in Macadam. They won't function as fire doors in their current state, which is an obvious fire risk. | H89: 45201 | I89: No | J89: 2 | K89: The Ticket Completed email does not say what what actually done. Given the swiftness of the closure, I don't think anything was done. | L89: 3
A90: 90 | B90: 45203.663 | C90: Selma Grant | E90: Waterloo Campus - Franklin Wilkins Building | F90: Hard services (e.g. lighting, plumbing, decorating, heating/cooling, fabrics etc.) | G90: Put up a small key lock in a newly furbished library area. | H90: 45202 | I90: Yes | J90: 5 | K90: Lock was was put up with no fuss and left the area tidy especially important as this was a new refurbished library space. | L90: 9
A91: 91 | B91: 45205.476 | C91: Zane Chu | D91: Yes | E91: Guy's Campus - all buildings except New Hunts House | F91: Hard services (e.g. lighting, plumbing, decorating, heating/cooling, fabrics etc.) | G91: Leaking sink | H91: 45194 | I91: Yes | J91: 4 | K91: Good work, turnaround around a bit longer than expected | L91: 8
A92: 92 | B92: 45208.441 | C92: Warren Tracey | D92: Yes | E92: Guy's Campus - all buildings except New Hunts House | F92: Hard services (e.g. lighting, plumbing, decorating, heating/cooling, fabrics etc.) | G92: Leaking sink | H92: 45202 | I92: Yes | J92: 5 | K92: Great job, fast turnaround | L92: 10
A93: 93 | B93: 45209.673 | C93: Ron Tempernillo | E93: A King's Residence | F93: Hard services (e.g. lighting, plumbing, decorating, heating/cooling, fabrics etc.) | G93: My toilet kept flushing because the flush button would not pop back out. | H93: 45206 | I93: Yes | J93: 4 | K93: The issue was resolved very quickly. However, would appreciate if the worker had taken off his shoes before stepping into my room and toilet with them. | L93: 9
A94: 94 | B94: 45210.603 | C94: Peter Parker | D94: Yes | E94: Guy's Campus - all buildings except New Hunts House | F94: Hard services (e.g. lighting, plumbing, decorating, heating/cooling, fabrics etc.) | G94: Leak from sink | H94: 45203 | I94: Yes | J94: 5 | K94: Great turnaround, good work | L94: 10
A95: 95 | B95: 45212.344 | C95: Ryan Burke | D95: Yes | E95: Guy's Campus - all buildings except New Hunts House | F95: Hard services (e.g. lighting, plumbing, decorating, heating/cooling, fabrics etc.) | G95: Broken tap | H95: 45204 | I95: Yes | J95: 5 | K95: Fantastic job, no complaints at all | L95: 10
A96: 97 | B96: 45216.463 | C96: David Sergant | D96: Yes | E96: Guy's Campus - all buildings except New Hunts House | F96: Hard services (e.g. lighting, plumbing, decorating, heating/cooling, fabrics etc.) | G96: Leak from sink | H96: 45202 | I96: Yes | J96: 4 | K96: Good work, completed in reasonable time | L96: 9
A97: 98 | B97: 45219.334 | C97: Elaine Hertz | D97: Yes | E97: Guy's Campus - all buildings except New Hunts House | F97: Hard services (e.g. lighting, plumbing, decorating, heating/cooling, fabrics etc.) | G97: Shower handle repair | H97: 45216 | I97: Yes | J97: 5 | K97: 5 star service, great work | L97: 10
A98: 99 | B98: 45223.514 | C98: Anthony Alan | E98: Denmark Hill Campus | F98: Soft Services (e.g. moving furniture, room set up, WEEE collection, pest control, internal deliveries between campuses etc.) | G98: I had requested a stool for one of our lecturers to sit on as they present their lecture as they have Parkinson’s disease and find it difficult to stand for an hour. | H98: 45219 | I98: Yes | J98: 5 | K98: Stanley placed the stool inside the venue at the requested time, thanks very much. | L98: 10
A99: 100 | B99: 45224.329 | C99: Ha-Hei Long | E99: Strand Campus - all buildings, including Virginia Woolf & Maughan Library | F99: Hard services (e.g. lighting, plumbing, decorating, heating/cooling, fabrics etc.) | G99: The door could not be secured. It needed to be secure as soon as possible | H99: 45222 | I99: Yes | J99: 5 | K99: The maintenance team is always ready to provide high standard services | L99: 10
A100: 101 | B100: 45225.569 | C100: Oliver Marks | E100: Denmark Hill Campus | F100: Hard services (e.g. lighting, plumbing, decorating, heating/cooling, fabrics etc.) | G100: A/C unit not working | H100: 45224 | I100: Yes | J100: 5 | K100: The issue was fixed within a few hours of the request! | L100: 10
A101: 102 | B101: 45226.431 | C101: Laila Stone | D101: Yes | E101: Guy's Campus - all buildings except New Hunts House | F101: Hard services (e.g. lighting, plumbing, decorating, heating/cooling, fabrics etc.) | G101: requested two fluorescent light tubes to be changed ibn the upper dissecting room | H101: 45218 | I101: No | J101: 2 | K101: rang helpdesk on 25th 10 2023 to check as to why job not completed to be told that it would take 5 working days to be completed. It still has not been completed. | L101: 4
A102: 103 | B102: 45229.495 | C102: Anthony Alan | D102: not applicable | E102: Guy's Campus - all buildings except New Hunts House | F102: Soft Services (e.g. moving furniture, room set up, WEEE collection, pest control, internal deliveries between campuses etc.) | G102: Removal of equipment for WEEE | H102: 45229 | I102: Yes | J102: 5 | K102: Pleased with the short length of time that this request was carried out. | L102: 8
A103: 104 | B103: 45230.468 | C103: Eli Bruce | E103: Strand Campus - all buildings, including Virginia Woolf & Maughan Library | F103: Soft Services (e.g. moving furniture, room set up, WEEE collection, pest control, internal deliveries between campuses etc.) | G103: I had requested four tables (to be placed outside the Bush House Auditorium at 12 noon) and a Bus stop sign (Bush House reception said that we need to request this in order to open the -1-level entrance door). This was for a student away day event at Bush House. | H103: 45217 | I103: Yes | J103: 5 | K103: Chairs came with the tables which was much appreciated however we did not receive the Bus stop sign (this did not impact the event).. | L103: 10
A104: 105 | B104: 45231.397 | C104: Chanel Hubbard | E104: Strand Campus - all buildings, including Virginia Woolf & Maughan Library | F104: Hard services (e.g. lighting, plumbing, decorating, heating/cooling, fabrics etc.) | G104: It took 18 months to get some keys cut because it had been forwarded to E&F Hard Services rather than Soft Services. It took dozens of emails and complaints for anyone to do anything about this. | H104: 44642 | I104: No | J104: 1 | K104: This was because the ticket was pushed to the wrong destination, but the fact that it took so much complaining and reminding for anyone to notice is quite frankly insane | L104: 5
...

Sheet Tables
C3: Using the provided Excel spreadsheet containing mock customer feedback, please create a PowerPoint presentation consisting of three slides.
C4: Please consider the information through the data presented with a focus to highlight
D5: 1 | E5: how the data can be improved and
D6: 2 | E6: how the data can be used to improve customer service in Estates and Facilities
C7: Also include a clear introduction with outline, presentation of data and summary of your points.
B10: =68/117 -> 0.58119658 | C10: Name | D10: # | E10: Where was the work located? | F10: # | G10: What type of work are you providing feedback on? | H10: # | I10: % | J10: Were you satisfied with the time it took to complete the work? | K10: # | L10: how committed our team were to delivering outstanding customer service? | M10: # | N10: How likely are you to recommend this service to others at King's? | O10: #
C11: Abby Smith | D11: =COUNTIFS('Feedback data sheet'!C:C,C11) -> 1 | E11: A King's Residence | F11: =COUNTIFS('Feedback data sheet'!E:E,E11) -> 6 | G11: Cleaning | H11: =COUNTIFS('Feedback data sheet'!F:F,G11) -> 14 | I11: =H11/117 -> 0.11965812 | J11: No | K11: =COUNTIFS('Feedback data sheet'!I:I,J11) -> 21 | L11: 1 | M11: =COUNTIFS('Feedback data sheet'!J:J,L11) -> 12 | N11: 1 | O11: =COUNTIFS('Feedback data sheet'!L:L,N11) -> 9 | P11: =O11/117 -> 0.076923077
C12: Andy Chan | D12: =COUNTIFS('Feedback data sheet'!C:C,C12) -> 1 | E12: Denmark Hill Campus | F12: =COUNTIFS('Feedback data sheet'!E:E,E12) -> 29 | G12: Hard services (e.g. lighting, plumbing, decorating, heating/cooling, fabrics etc.) | H12: =COUNTIFS('Feedback data sheet'!F:F,G12) -> 69 | I12: =H12/117 -> 0.58974359 | J12: Yes | K12: =COUNTIFS('Feedback data sheet'!I:I,J12) -> 96 | L12: 2 | M12: =COUNTIFS('Feedback data sheet'!J:J,L12) -> 4 | N12: 2 | O12: =COUNTIFS('Feedback data sheet'!L:L,N12) -> 2 | P12: =O12/117 -> 0.017094017
C13: Anthony Alan | D13: =COUNTIFS('Feedback data sheet'!C:C,C13) -> 8 | E13: Guy's Campus - all buildings except New Hunts House | F13: =COUNTIFS('Feedback data sheet'!E:E,E13) -> 33 | G13: Residences - Applications | H13: =COUNTIFS('Feedback data sheet'!F:F,G13) -> 2 | I13: =H13/117 -> 0.017094017 | K13: =K12/SUM(K11:K12) -> 0.82051282 | L13: 3 | M13: =COUNTIFS('Feedback data sheet'!J:J,L13) -> 7 | N13: 3 | O13: =COUNTIFS('Feedback data sheet'!L:L,N13) -> 2 | P13: =O13/117 -> 0.017094017
C14: Atlas Steel | D14: =COUNTIFS('Feedback data sheet'!C:C,C14) -> 1 | E14: Guy's Campus - New Hunts House | F14: =COUNTIFS('Feedback data sheet'!E:E,E14) -> 3 | G14: Residences - In House Service | H14: =COUNTIFS('Feedback data sheet'!F:F,G14) -> 3 | I14: =H14/117 -> 0.025641026 | L14: 4 | M14: =COUNTIFS('Feedback data sheet'!J:J,L14) -> 13 | N14: 4 | O14: =COUNTIFS('Feedback data sheet'!L:L,N14) -> 2 | P14: =O14/117 -> 0.017094017
C15: Aydin Anderson | D15: =COUNTIFS('Feedback data sheet'!C:C,C15) -> 2 | E15: St Thomas's Campus | F15: =COUNTIFS('Feedback data sheet'!E:E,E15) -> 1 | G15: Security | H15: =COUNTIFS('Feedback data sheet'!F:F,G15) -> 1 | I15: =H15/117 -> 0.0085470085 | L15: 5 | M15: =COUNTIFS('Feedback data sheet'!J:J,L15) -> 81 | N15: 5 | O15: =COUNTIFS('Feedback data sheet'!L:L,N15) -> 4 | P15: =O15/117 -> 0.034188034
C16: Barbara Benneditto | D16: =COUNTIFS('Feedback data sheet'!C:C,C16) -> 1 | E16: Strand Campus - all buildings, including Virginia Woolf & Maughan Library | F16: =COUNTIFS('Feedback data sheet'!E:E,E16) -> 35 | G16: Soft Services (e.g. moving furniture, room set up, WEEE collection, pest control, internal deliveries between campuses etc.) | H16: =COUNTIFS('Feedback data sheet'!F:F,G16) -> 28 | I16: =H16/117 -> 0.23931624 | M16: =M15/117 -> 0.69230769 | N16: 6 | O16: =COUNTIFS('Feedback data sheet'!L:L,N16) -> 1 | P16: =O16/117 -> 0.0085470085
C17: Bella Papa | D17: =COUNTIFS('Feedback data sheet'!C:C,C17) -> 2 | E17: Waterloo Campus - Franklin Wilkins Building | F17: =COUNTIFS('Feedback data sheet'!E:E,E17) -> 2 | N17: 7 | O17: =COUNTIFS('Feedback data sheet'!L:L,N17) -> 4 | P17: =O17/117 -> 0.034188034
C18: Ben Wills | D18: =COUNTIFS('Feedback data sheet'!C:C,C18) -> 2 | E18: Waterloo Campus - James Clerk Maxwell & Waterloo Bridge Wing | F18: =COUNTIFS('Feedback data sheet'!E:E,E18) -> 8 | N18: 8 | O18: =COUNTIFS('Feedback data sheet'!L:L,N18) -> 7 | P18: =O18/117 -> 0.05982906 | R18: =SUM(P11:P16) -> 0.17094017 | S18: 0 -6
C19: Bernie McGill | D19: =COUNTIFS('Feedback data sheet'!C:C,C19) -> 1 | N19: 9 | O19: =COUNTIFS('Feedback data sheet'!L:L,N19) -> 8 | P19: =O19/117 -> 0.068376068 | R19: =P19+P20 -> 0.73504274 | S19: 9 -10
C20: Bic Runga | D20: =COUNTIFS('Feedback data sheet'!C:C,C20) -> 1 | N20: 10 | O20: =COUNTIFS('Feedback data sheet'!L:L,N20) -> 78 | P20: =O20/117 -> 0.66666667 | R20: =R19-R18 -> 0.56410256 | S20: NPS
C21: Bo Runga | D21: =COUNTIFS('Feedback data sheet'!C:C,C21) -> 1
C22: Bruce Wayne | D22: =COUNTIFS('Feedback data sheet'!C:C,C22) -> 1
C23: Caz West | D23: =COUNTIFS('Feedback data sheet'!C:C,C23) -> 1
C24: Chanel Hubbard | D24: =COUNTIFS('Feedback data sheet'!C:C,C24) -> 2
C25: Chang Moon | D25: =COUNTIFS('Feedback data sheet'!C:C,C25) -> 2
C26: Claire Bale | D26: =COUNTIFS('Feedback data sheet'!C:C,C26) -> 1
C27: Claire King | D27: =COUNTIFS('Feedback data sheet'!C:C,C27) -> 2
C28: Dan Ivanovich | D28: =COUNTIFS('Feedback data sheet'!C:C,C28) -> 1
C29: David Sergant | D29: =COUNTIFS('Feedback data sheet'!C:C,C29) -> 4
C30: Dean Hoki | D30: =COUNTIFS('Feedback data sheet'!C:C,C30) -> 1
C31: Dez Yorna | D31: =COUNTIFS('Feedback data sheet'!C:C,C31) -> 2
C32: Dipak Patel | D32: =COUNTIFS('Feedback data sheet'!C:C,C32) -> 1
... C78: Zoe Liu | D78: =COUNTIFS('Feedback data sheet'!C:C,C78) -> 1

Sheet Pivots
A3: Count of ID | B3: Column Labels
A4: Row Labels | B4: 1 | C4: 2 | D4: 3 | E4: 4 | F4: 5 | G4: Grand Total
A5: Cleaning | B5: 1 | D5: 1 | E5: 3 | F5: 9 | G5: 14 | I5: =F5/G5 -> 0.64285714
A6: Hard services (e.g. lighting, plumbing, decorating, heating/cooling, fabrics etc.) | B6: 11 | C6: 4 | D6: 5 | E6: 8 | F6: 41 | G6: 69 | I6: =F6/G6 -> 0.5942029 | L6: =11/69 -> 0.15942029
A7: Residences - Applications | F7: 2 | G7: 2 | I7: =F7/G7 -> 1
A8: Residences - In House Service | F8: 3 | G8: 3 | I8: =F8/G8 -> 1
A9: Security | E9: 1 | G9: 1 | I9: =F9/G9 -> 0
A10: Soft Services (e.g. moving furniture, room set up, WEEE collection, pest control, internal deliveries between campuses etc.) | D10: 1 | E10: 1 | F10: 26 | G10: 28 | I10: =F10/G10 -> 0.92857143
A11: Grand Total | B11: 12 | C11: 4 | D11: 7 | E11: 13 | F11: 81 | G11: 117 | I11: =F11/G11 -> 0.69230769
A16: Service | B16: No | C16: Yes
A17: Cleaning | B17: 1 | C17: 13
A18: Hard services | B18: 19 | C18: 50
A19: Residences - Applications | C19: 2
A20: Residences - In House Service | C20: 3
A21: Security | C21: 1
A22: Soft Services | B22: 1 | C22: 27
A35: Count of ID | B35: Column Labels
A36: Row Labels | B36: 1 | C36: 2 | D36: 3 | E36: 4 | F36: 5 | G36: 6 | H36: 7 | I36: 8 | J36: 9 | K36: 10 | L36: Grand Total | O36: 0 -6 | P36: 9 -10 | Q36: NPS
A37: Cleaning | B37: 1 | I37: 2 | J37: 2 | K37: 9 | L37: 14 | N37: Cleaning | O37: =-(SUM(B37:G37)/L37)*100 -> -7.1428571 | P37: =(SUM(J37:K37)/L37)*100 -> 78.571429 | Q37: =P37+O37 -> 71.428571
A38: Hard services (e.g. lighting, plumbing, decorating, heating/cooling, fabrics etc.) | B38: 8 | C38: 2 | D38: 2 | E38: 2 | F38: 3 | G38: 1 | H38: 2 | I38: 4 | J38: 5 | K38: 40 | L38: 69 | N38: Hard services | O38: =-(SUM(B38:G38)/L38)*100 -> -26.086957 | P38: =(SUM(J38:K38)/L38)*100 -> 65.217391 | Q38: =P38+O38 -> 39.130435
A39: Residences - Applications | K39: 2 | L39: 2 | N39: Residences - Applications | O39: =-(SUM(B39:G39)/L39)*100 -> 0 | P39: =(SUM(J39:K39)/L39)*100 -> 100 | Q39: =P39+O39 -> 100
A40: Residences - In House Service | K40: 3 | L40: 3 | N40: Residences - In House Service | O40: =-(SUM(B40:G40)/L40)*100 -> 0 | P40: =(SUM(J40:K40)/L40)*100 -> 100 | Q40: =P40+O40 -> 100
A41: Security | F41: 1 | L41: 1 | N41: Security | O41: =-(SUM(B41:G41)/L41)*100 -> -100 | P41: =(SUM(J41:K41)/L41)*100 -> 0 | Q41: =P41+O41 -> -100
A42: Soft Services (e.g. moving furniture, room set up, WEEE collection, pest control, internal deliveries between campuses etc.) | H42: 2 | I42: 1 | J42: 1 | K42: 24 | L42: 28 | N42: Soft Services | O42: =-(SUM(B42:G42)/L42)*100 -> 0 | P42: =(SUM(J42:K42)/L42)*100 -> 89.285714 | Q42: =P42+O42 -> 89.285714
A43: Grand Total | B43: 9 | C43: 2 | D43: 2 | E43: 2 | F43: 4 | G43: 1 | H43: 4 | I43: 7 | J43: 8 | K43: 78 | L43: 117 | O43: =-(SUM(B43:G43)/L43)*100 -> -17.094017 | P43: =(SUM(J43:K43)/L43)*100 -> 73.504274 | Q43: =P43+O43 -> 56.410256
